entity_id,source,attribute,original_value,reason,knob,level
http://dbpedia.org/resource/AFFCO_Holdings,dbpedia,annual_income,968000000.0,cell_collision_with_prior_knob,6,medium
http://dbpedia.org/resource/Albatron_Technology,dbpedia,annual_income,2,cell_collision_with_prior_knob,6,medium
http://dbpedia.org/resource/American_Respiratory_Care_Foundation,dbpedia,annual_income,749783.0,cell_collision_with_prior_knob,6,medium
http://dbpedia.org/resource/Archos,dbpedia,annual_income,154900000.0,cell_collision_with_prior_knob,6,medium
http://dbpedia.org/resource/Banca_Intesa_Beograd,dbpedia,annual_income,444650000.0,cell_collision_with_prior_knob,6,medium
http://dbpedia.org/resource/Banco_Ita%C3%BA_Paraguay,dbpedia,annual_income,205900000.0,cell_collision_with_prior_knob,6,medium
http://dbpedia.org/resource/Banco_de_la_Naci%C3%B3n_Argentina,dbpedia,annual_income,5100000000.0,cell_collision_with_prior_knob,6,medium
http://dbpedia.org/resource/Banco_de_la_Producci%C3%B3n,dbpedia,annual_income,"4.794.564,50",cell_collision_with_prior_knob,6,medium
http://dbpedia.org/resource/Bank_of_the_Philippine_Islands,dbpedia,annual_income,893000000.0,cell_collision_with_prior_knob,6,medium
http://dbpedia.org/resource/Belcan_Corporation,dbpedia,annual_income,625000000.0,cell_collision_with_prior_knob,6,medium
http://dbpedia.org/resource/Black_&_Decker,dbpedia,annual_income,6090000000.0,cell_collision_with_prior_knob,6,medium
http://dbpedia.org/resource/Boeing_Commercial_Airplanes,dbpedia,annual_income,35200000000.0,cell_collision_with_prior_knob,6,medium
http://dbpedia.org/resource/C.I.Agent_Solutions,dbpedia,annual_income,4900000.0,cell_collision_with_prior_knob,6,medium
http://dbpedia.org/resource/Capgemini,dbpedia,annual_income,10100000000.0,cell_collision_with_prior_knob,6,medium
http://dbpedia.org/resource/Citec,dbpedia,annual_income,66000000.0,cell_collision_with_prior_knob,6,medium
http://dbpedia.org/resource/Convergys,dbpedia,annual_income,2005000000.0,cell_collision_with_prior_knob,6,medium
http://dbpedia.org/resource/CozyCot,dbpedia,annual_income,1160000.0,cell_collision_with_prior_knob,6,medium
http://dbpedia.org/resource/DONG_Energy,dbpedia,annual_income,54598000000.0,cell_collision_with_prior_knob,6,medium
http://dbpedia.org/resource/Dansk_Supermarked_A/S,dbpedia,annual_income,7560000000.0,cell_collision_with_prior_knob,6,medium
http://dbpedia.org/resource/El_Paso_Electric,dbpedia,annual_income,873460000.0,cell_collision_with_prior_knob,6,medium
http://dbpedia.org/resource/Emulex,dbpedia,annual_income,478.6,cell_collision_with_prior_knob,6,medium
http://dbpedia.org/resource/EnerNOC,dbpedia,annual_income,286.61,cell_collision_with_prior_knob,6,medium
http://dbpedia.org/resource/Engenco,dbpedia,annual_income,10566.0,cell_collision_with_prior_knob,6,medium
http://dbpedia.org/resource/Eraring_Energy,dbpedia,annual_income,609.0,cell_collision_with_prior_knob,6,medium
http://dbpedia.org/resource/FERROVIENORD,dbpedia,annual_income,84013421.0,cell_collision_with_prior_knob,6,medium
http://dbpedia.org/resource/Fred's,dbpedia,annual_income,1790000000.0,cell_collision_with_prior_knob,6,medium
http://dbpedia.org/resource/GPA_(company),dbpedia,annual_income,27000000000.0,cell_collision_with_prior_knob,6,medium
http://dbpedia.org/resource/GRTgaz,dbpedia,annual_income,1464000000.0,cell_collision_with_prior_knob,6,medium
http://dbpedia.org/resource/GSP_Belgrade,dbpedia,annual_income,108320000.0,cell_collision_with_prior_knob,6,medium
http://dbpedia.org/resource/Hansteen_Holdings,dbpedia,annual_income,83000000.0,cell_collision_with_prior_knob,6,medium
http://dbpedia.org/resource/Israel_Discount_Bank,dbpedia,annual_income,4,cell_collision_with_prior_knob,6,medium
http://dbpedia.org/resource/Joanneum_Research,dbpedia,annual_income,10200000.0,cell_collision_with_prior_knob,6,medium
http://dbpedia.org/resource/Kaman_Aircraft,dbpedia,annual_income,1590000000.0,cell_collision_with_prior_knob,6,medium
http://dbpedia.org/resource/Kaufman_&_Broad_S.A.,dbpedia,annual_income,1040000000.0,cell_collision_with_prior_knob,6,medium
http://dbpedia.org/resource/Kewpee,dbpedia,annual_income,6,cell_collision_with_prior_knob,6,medium
http://dbpedia.org/resource/Keyera,dbpedia,annual_income,2569000000.0,cell_collision_with_prior_knob,6,medium
http://dbpedia.org/resource/Kinetic_Concepts,dbpedia,annual_income,1600000000.0,cell_collision_with_prior_knob,6,medium
http://dbpedia.org/resource/Lenta_(retail),dbpedia,annual_income,2700000000.0,cell_collision_with_prior_knob,6,medium
http://dbpedia.org/resource/Libert%C3%A9_Inc.,dbpedia,annual_income,175000000.0,cell_collision_with_prior_knob,6,medium
http://dbpedia.org/resource/Lindstr%C3%B6m_(company),dbpedia,annual_income,249000000.0,cell_collision_with_prior_knob,6,medium
http://dbpedia.org/resource/List_of_Paramount_Pictures_films,dbpedia,annual_income,1200000000.0,cell_collision_with_prior_knob,6,medium
http://dbpedia.org/resource/Little_Britain_Productions,dbpedia,annual_income,36.0,numeric_jitter_exhausted_retries,6,medium
http://dbpedia.org/resource/MKS_Finance,dbpedia,annual_income,4200.0,cell_collision_with_prior_knob,6,medium
http://dbpedia.org/resource/MOESK,dbpedia,annual_income,4100000000.0,cell_collision_with_prior_knob,6,medium
http://dbpedia.org/resource/Mediabistro,dbpedia,annual_income,116.57,cell_collision_with_prior_knob,6,medium
http://dbpedia.org/resource/Nankang_Rubber_Tire,dbpedia,annual_income,279600000.0,cell_collision_with_prior_knob,6,medium
http://dbpedia.org/resource/Nokia,dbpedia,annual_income,12700000000.0,cell_collision_with_prior_knob,6,medium
http://dbpedia.org/resource/O'Charley's,dbpedia,annual_income,830100000.0,cell_collision_with_prior_knob,6,medium
http://dbpedia.org/resource/OTP_banka_Srbija,dbpedia,annual_income,40800000.0,cell_collision_with_prior_knob,6,medium
http://dbpedia.org/resource/Oil_Refineries,dbpedia,annual_income,15,cell_collision_with_prior_knob,6,medium
http://dbpedia.org/resource/PCRUSH,dbpedia,annual_income,50,cell_collision_with_prior_knob,6,medium
http://dbpedia.org/resource/PFM_Group,dbpedia,annual_income,71000000.0,cell_collision_with_prior_knob,6,medium
http://dbpedia.org/resource/PSSC_Labs,dbpedia,annual_income,2200000.0,cell_collision_with_prior_knob,6,medium
http://dbpedia.org/resource/Parkway_Properties,dbpedia,annual_income,286199000.0,cell_collision_with_prior_knob,6,medium
http://dbpedia.org/resource/Pilgrim's_Corp,dbpedia,annual_income,8100000000.0,cell_collision_with_prior_knob,6,medium
http://dbpedia.org/resource/Pitney_Bowes,dbpedia,annual_income,3870000000.0,cell_collision_with_prior_knob,6,medium
http://dbpedia.org/resource/Politika_a.d.,dbpedia,annual_income,12260000.0,cell_collision_with_prior_knob,6,medium
http://dbpedia.org/resource/Port_of_Tallinn,dbpedia,annual_income,102200000.0,cell_collision_with_prior_knob,6,medium
http://dbpedia.org/resource/Qualcomm,dbpedia,annual_income,24900000000.0,cell_collision_with_prior_knob,6,medium
http://dbpedia.org/resource/Quester_Tangent_Corporation,dbpedia,annual_income,10,cell_collision_with_prior_knob,6,medium
http://dbpedia.org/resource/REA_Group,dbpedia,annual_income,300900000.0,cell_collision_with_prior_knob,6,medium
http://dbpedia.org/resource/RM_Education,dbpedia,annual_income,262000000.0,cell_collision_with_prior_knob,6,medium
http://dbpedia.org/resource/Seagate_Technology,dbpedia,annual_income,14930000000.0,cell_collision_with_prior_knob,6,medium
http://dbpedia.org/resource/Sega,dbpedia,annual_income,396700000000.0,cell_collision_with_prior_knob,6,medium
http://dbpedia.org/resource/Serpent_Model_Racing_Cars,dbpedia,annual_income,1500000.0,cell_collision_with_prior_knob,6,medium
http://dbpedia.org/resource/Stannah_Lifts,dbpedia,annual_income,183426000.0,cell_collision_with_prior_knob,6,medium
http://dbpedia.org/resource/Star_Micronics,dbpedia,annual_income,35000000.0,cell_collision_with_prior_knob,6,medium
http://dbpedia.org/resource/Suning_Appliance,dbpedia,annual_income,16240000000.0,cell_collision_with_prior_knob,6,medium
http://dbpedia.org/resource/System_Group,dbpedia,annual_income,423000000000.0,cell_collision_with_prior_knob,6,medium
http://dbpedia.org/resource/Tecumseh_Products,dbpedia,annual_income,824700000.0,cell_collision_with_prior_knob,6,medium
http://dbpedia.org/resource/Tekla,dbpedia,annual_income,578.0,cell_collision_with_prior_knob,6,medium
http://dbpedia.org/resource/Tenaga_Nasional,dbpedia,annual_income,37130000000.0,cell_collision_with_prior_knob,6,medium
http://dbpedia.org/resource/Termoelectrica,dbpedia,annual_income,346000000.0,cell_collision_with_prior_knob,6,medium
http://dbpedia.org/resource/Tessera_Technologies,dbpedia,annual_income,248000000.0,cell_collision_with_prior_knob,6,medium
http://dbpedia.org/resource/Transpacific_Industries_Group,dbpedia,annual_income,2300000000.0,cell_collision_with_prior_knob,6,medium
http://dbpedia.org/resource/Trimble_Navigation,dbpedia,annual_income,2.0,numeric_jitter_exhausted_retries,6,medium
http://dbpedia.org/resource/UPC_Hungary,dbpedia,annual_income,239600000.0,cell_collision_with_prior_knob,6,medium
http://dbpedia.org/resource/Vindija_(company),dbpedia,annual_income,2650000.0,cell_collision_with_prior_knob,6,medium
http://dbpedia.org/resource/Wendy's,dbpedia,annual_income,2469000000.0,cell_collision_with_prior_knob,6,medium
http://dbpedia.org/resource/ZF_Wind_Power_Antwerpen,dbpedia,annual_income,410000000.0,cell_collision_with_prior_knob,6,medium
k02_interp_companies_00014__dbpedia,dbpedia,annual_income,3200000000.0,cell_collision_with_prior_knob,6,medium
k02_interp_companies_00040__dbpedia,dbpedia,annual_income,642000000.0,cell_collision_with_prior_knob,6,medium
k02_interp_companies_00088__dbpedia,dbpedia,annual_income,36210,cell_collision_with_prior_knob,6,medium
k02_interp_companies_00135__dbpedia,dbpedia,annual_income,"3.801.187,50",cell_collision_with_prior_knob,6,medium
http://dbpedia.org/resource/430_West_Records,dbpedia,established,1991-01-01,numeric_jitter_exhausted_retries,6,medium
http://dbpedia.org/resource/Altarea_SCA,dbpedia,established,1994-01-01,closeness_floor_exhausted_retries,6,medium
http://dbpedia.org/resource/Bracco_(company),dbpedia,established,1927-01-01,numeric_jitter_exhausted_retries,6,medium
http://dbpedia.org/resource/Danish_Crown_AmbA,dbpedia,established,1998-01-01,operator_taxonomy_walk_no_effect,6,medium
http://dbpedia.org/resource/Neste_Oil,dbpedia,established,2004-01-01,closeness_floor_exhausted_retries,6,medium
http://dbpedia.org/resource/Posco_Energy,dbpedia,established,1969-01-01,closeness_floor_exhausted_retries,6,medium
http://dbpedia.org/resource/Prudential_plc,dbpedia,established,1848-01-01,closeness_floor_exhausted_retries,6,medium
http://dbpedia.org/resource/STI_International,dbpedia,established,1980-01-01,closeness_floor_exhausted_retries,6,medium
http://dbpedia.org/resource/Target_Corporation,dbpedia,established,1902-01-01,closeness_floor_exhausted_retries,6,medium
http://dbpedia.org/resource/Assurant_Employee_Benefits,dbpedia,headquarters,"Kansas City, MissouriMissouri",closeness_floor_exhausted_retries,6,medium
http://dbpedia.org/resource/BYD_Company,dbpedia,headquarters,GuangdongShenzhen,closeness_floor_exhausted_retries,6,medium
http://dbpedia.org/resource/Beechcraft,dbpedia,headquarters,"Wichita, KS",cell_collision_with_prior_knob,6,medium
http://dbpedia.org/resource/C-nario,dbpedia,headquarters,Aviv Tel,cell_collision_with_prior_knob,6,medium
http://dbpedia.org/resource/Siemens_Wind_Power,dbpedia,headquarters,Hamburg,closeness_floor_exhausted_retries,6,medium
http://dbpedia.org/resource/Soules_(automobile),dbpedia,headquarters,"Grand Rapids, MI",cell_collision_with_prior_knob,6,medium
http://dbpedia.org/resource/Tolko,dbpedia,headquarters,"Vernon, British Columbia",cell_collision_with_prior_knob,6,medium
http://dbpedia.org/resource/Bouygues,dbpedia,keypeople_name,Francis Bouygues,closeness_floor_exhausted_retries,6,medium
http://dbpedia.org/resource/Bowater,dbpedia,keypeople_name,William Bowater,cell_collision_with_prior_knob,6,medium
http://dbpedia.org/resource/Brunswick_Corporation,dbpedia,keypeople_name,J. M. Brunswick,closeness_floor_exhausted_retries,6,medium
http://dbpedia.org/resource/Clean_Harbors,dbpedia,keypeople_name,McKim Alan,cell_collision_with_prior_knob,6,medium
http://dbpedia.org/resource/Farmers_Trading_Company,dbpedia,keypeople_name,Alexander Robert Crookston Laidlaw,cell_collision_with_prior_knob,6,medium
http://dbpedia.org/resource/TouchTable,dbpedia,keypeople_name,Danny,cell_collision_with_prior_knob,6,medium
http://dbpedia.org/resource/Beachbody,dbpedia,nation,States United,cell_collision_with_prior_knob,6,medium
http://dbpedia.org/resource/Eilat_Ashkelon_Pipeline_Company,dbpedia,nation,State of Israel,cell_collision_with_prior_knob,6,medium
http://dbpedia.org/resource/Grey_Global_Group,dbpedia,nation,USA,cell_collision_with_prior_knob,6,medium
http://dbpedia.org/resource/Infinity_Ward,dbpedia,nation,USA,cell_collision_with_prior_knob,6,medium
http://dbpedia.org/resource/JBS_S.A.,dbpedia,nation,Brazil,closeness_floor_exhausted_retries,6,medium
http://dbpedia.org/resource/Red_Bend_Software,dbpedia,nation,USA,cell_collision_with_prior_knob,6,medium
http://dbpedia.org/resource/Serious_Magic_Inc.,dbpedia,nation,States,cell_collision_with_prior_knob,6,medium
http://dbpedia.org/resource/St._Johns_River_Shipbuilding_Company,dbpedia,nation,States United,cell_collision_with_prior_knob,6,medium
http://dbpedia.org/resource/US_Foods,dbpedia,nation,USA,cell_collision_with_prior_knob,6,medium
http://dbpedia.org/resource/W_Motors,dbpedia,nation,United Emirates,cell_collision_with_prior_knob,6,medium
http://dbpedia.org/resource/FareCompare,dbpedia,sector,Travel,cell_collision_with_prior_knob,6,medium
http://dbpedia.org/resource/Hatchards,dbpedia,sector,Book Trade,cell_collision_with_prior_knob,6,medium
http://dbpedia.org/resource/Jerry's_Foods,dbpedia,sector,Supermarket,cell_collision_with_prior_knob,6,medium
http://dbpedia.org/resource/Piranha_NYC,dbpedia,sector,CGI,cell_collision_with_prior_knob,6,medium
http://dbpedia.org/resource/Albanian-American_Enterprise_Fund,dbpedia,total_assets_val,"178.000.000,0",cell_collision_with_prior_knob,6,medium
http://dbpedia.org/resource/American_Superconductor,dbpedia,total_assets_val,400000000.0,cell_collision_with_prior_knob,6,medium
http://dbpedia.org/resource/Bank_of_Singapore,dbpedia,total_assets_val,39600000000.0,cell_collision_with_prior_knob,6,medium
http://dbpedia.org/resource/Bank_of_the_Philippine_Islands,dbpedia,total_assets_val,"19.455.000.000,0",cell_collision_with_prior_knob,6,medium
http://dbpedia.org/resource/CAVE_(company),dbpedia,total_assets_val,"874.251.193,0",cell_collision_with_prior_knob,6,medium
http://dbpedia.org/resource/Coloplast,dbpedia,total_assets_val,"9.218.000.000,0",cell_collision_with_prior_knob,6,medium
http://dbpedia.org/resource/Coop_Norge,dbpedia,total_assets_val,"13.845.000.000,0",cell_collision_with_prior_knob,6,medium
http://dbpedia.org/resource/Edenred,dbpedia,total_assets_val,4670000000.0,cell_collision_with_prior_knob,6,medium
http://dbpedia.org/resource/Elektroprivreda_Srbije,dbpedia,total_assets_val,"9.446.000.000,0",cell_collision_with_prior_knob,6,medium
http://dbpedia.org/resource/Elisa_(company),dbpedia,total_assets_val,"1.972.000.000,0",cell_collision_with_prior_knob,6,medium
http://dbpedia.org/resource/Ergon_Energy,dbpedia,total_assets_val,10,cell_collision_with_prior_knob,6,medium
http://dbpedia.org/resource/First_City_Monument_Bank,dbpedia,total_assets_val,3700000000.0,cell_collision_with_prior_knob,6,medium
http://dbpedia.org/resource/Flygprestanda,dbpedia,total_assets_val,"10.556.000,0",cell_collision_with_prior_knob,6,medium
http://dbpedia.org/resource/G4S_Secure_Solutions_d.o.o.,dbpedia,total_assets_val,"11.290.000,0",cell_collision_with_prior_knob,6,medium
http://dbpedia.org/resource/Hanley_Economic_Building_Society,dbpedia,total_assets_val,"363.000.000,0",cell_collision_with_prior_knob,6,medium
http://dbpedia.org/resource/Hokkaido_Bank,dbpedia,total_assets_val,33800000000000.0,cell_collision_with_prior_knob,6,medium
http://dbpedia.org/resource/Huntsman_Corporation,dbpedia,total_assets_val,"8.884.000.000,0",cell_collision_with_prior_knob,6,medium
http://dbpedia.org/resource/International_Bank_of_Azerbaijan,dbpedia,total_assets_val,8600000000.0,cell_collision_with_prior_knob,6,medium
http://dbpedia.org/resource/KON%C4%8CAR_Group,dbpedia,total_assets_val,"3.531.000.000,0",cell_collision_with_prior_knob,6,medium
http://dbpedia.org/resource/NYSE_Euronext,dbpedia,total_assets_val,13070000000.0,cell_collision_with_prior_knob,6,medium
http://dbpedia.org/resource/Nakilat,dbpedia,total_assets_val,31700000000.0,cell_collision_with_prior_knob,6,medium
http://dbpedia.org/resource/OTP_banka_Srbija,dbpedia,total_assets_val,"278.080.000,0",cell_collision_with_prior_knob,6,medium
http://dbpedia.org/resource/Olympia_Capital_Holdings,dbpedia,total_assets_val,"1.898.000.000,0",cell_collision_with_prior_knob,6,medium
http://dbpedia.org/resource/Parkway_Properties,dbpedia,total_assets_val,"2.925.000.000,0",cell_collision_with_prior_knob,6,medium
http://dbpedia.org/resource/RCI_Banque,dbpedia,total_assets_val,28770000000.0,cell_collision_with_prior_knob,6,medium
http://dbpedia.org/resource/Ridgewood_Savings_Bank,dbpedia,total_assets_val,4600000000.0,cell_collision_with_prior_knob,6,medium
http://dbpedia.org/resource/SIMPO,dbpedia,total_assets_val,"222.060.000,0",cell_collision_with_prior_knob,6,medium
http://dbpedia.org/resource/Severtrans,dbpedia,total_assets_val,"4.260.000,0",cell_collision_with_prior_knob,6,medium
http://dbpedia.org/resource/Sodexo,dbpedia,total_assets_val,111400000000.0,cell_collision_with_prior_knob,6,medium
http://dbpedia.org/resource/Srbijagas,dbpedia,total_assets_val,"1.191.000.000,0",cell_collision_with_prior_knob,6,medium
http://dbpedia.org/resource/The_Swatch_Group,dbpedia,total_assets_val,"11.633.000.000,0",cell_collision_with_prior_knob,6,medium
http://dbpedia.org/resource/UniFirst,dbpedia,total_assets_val,1370000000.0,cell_collision_with_prior_knob,6,medium
http://dbpedia.org/resource/YugoRosGaz,dbpedia,total_assets_val,"191.130.000,0",cell_collision_with_prior_knob,6,medium
k02_interp_companies_00111__dbpedia,dbpedia,total_assets_val,"1.123.000.000,0",cell_collision_with_prior_knob,6,medium
k02_interp_companies_00115__dbpedia,dbpedia,total_assets_val,21400000000.0,cell_collision_with_prior_knob,6,medium
k02_interp_companies_00119__dbpedia,dbpedia,total_assets_val,"$8,400,000",numeric_jitter_exhausted_retries,6,medium
http://www.forbes.com/companies/banco-santander/,forbes,asset_value,1537300000000.0,cell_collision_with_prior_knob,6,medium
http://www.forbes.com/companies/basf/,forbes,asset_value,88700000000.0,cell_collision_with_prior_knob,6,medium
http://www.forbes.com/companies/china-telecom/,forbes,asset_value,89700000000.0,cell_collision_with_prior_knob,6,medium
http://www.forbes.com/companies/wesfarmers/,forbes,asset_value,39300000000.0,cell_collision_with_prior_knob,6,medium
http://www.forbes.com/companies/east-japan-railway/,forbes,asset_value,68800000000.0,cell_collision_with_prior_knob,6,medium
http://www.forbes.com/companies/vtb-bank/,forbes,asset_value,262000000000.0,cell_collision_with_prior_knob,6,medium
http://www.forbes.com/companies/marathon-petroleum/,forbes,asset_value,28400000000.0,cell_collision_with_prior_knob,6,medium
http://www.forbes.com/companies/philips/,forbes,asset_value,36600000000.0,cell_collision_with_prior_knob,6,medium
http://www.forbes.com/companies/china-railway-construction/,forbes,asset_value,87500000000.0,cell_collision_with_prior_knob,6,medium
http://www.forbes.com/companies/inditex/,forbes,asset_value,18600000000.0,cell_collision_with_prior_knob,6,medium
http://www.forbes.com/companies/northrop-grumman/,forbes,asset_value,26400000000.0,cell_collision_with_prior_knob,6,medium
http://www.forbes.com/companies/investor/,forbes,asset_value,41600000000.0,cell_collision_with_prior_knob,6,medium
http://www.forbes.com/companies/ppl/,forbes,asset_value,46300000000.0,cell_collision_with_prior_knob,6,medium
http://www.forbes.com/companies/amp/,forbes,asset_value,119200000000.0,cell_collision_with_prior_knob,6,medium
http://www.forbes.com/companies/prudential-financial/,forbes,asset_value,731800000000.0,cell_collision_with_prior_knob,6,medium
http://www.forbes.com/companies/praxair/,forbes,asset_value,20300000000.0,cell_collision_with_prior_knob,6,medium
http://www.forbes.com/companies/tjx-cos/,forbes,asset_value,10200000000.0,cell_collision_with_prior_knob,6,medium
http://www.forbes.com/companies/progressive/,forbes,asset_value,25200000000.0,cell_collision_with_prior_knob,6,medium
http://www.forbes.com/companies/larsen-toubro/,forbes,asset_value,26700000000.0,cell_collision_with_prior_knob,6,medium
http://www.forbes.com/companies/marsh-mclennan/,forbes,asset_value,17000000000.0,cell_collision_with_prior_knob,6,medium
http://www.forbes.com/companies/lg-chem/,forbes,asset_value,16500000000.0,cell_collision_with_prior_knob,6,medium
http://www.forbes.com/companies/southwest-airlines/,forbes,asset_value,19300000000.0,cell_collision_with_prior_knob,6,medium
http://www.forbes.com/companies/porsche-automobil-holding/,forbes,asset_value,43100000000.0,cell_collision_with_prior_knob,6,medium
http://www.forbes.com/companies/woodside-petroleum/,forbes,asset_value,23800000000.0,cell_collision_with_prior_knob,6,medium
http://www.forbes.com/companies/gd-power-development/,forbes,asset_value,40400000000.0,cell_collision_with_prior_knob,6,medium
http://www.forbes.com/companies/allergan/,forbes,asset_value,10600000000.0,cell_collision_with_prior_knob,6,medium
http://www.forbes.com/companies/allied-irish-banks/,forbes,asset_value,162500000000.0,cell_collision_with_prior_knob,6,medium
http://www.forbes.com/companies/kao-corp/,forbes,asset_value,10800000000.0,cell_collision_with_prior_knob,6,medium
http://www.forbes.com/companies/mediolanum/,forbes,asset_value,53800000000.0,cell_collision_with_prior_knob,6,medium
http://www.forbes.com/companies/abu-dhabi-commercial/,forbes,asset_value,49900000000.0,cell_collision_with_prior_knob,6,medium
http://www.forbes.com/companies/waste-management/,forbes,asset_value,22600000000.0,cell_collision_with_prior_knob,6,medium
http://www.forbes.com/companies/galp-energia/,forbes,asset_value,18900000000.0,cell_collision_with_prior_knob,6,medium
http://www.forbes.com/companies/rakuten/,forbes,asset_value,30500000000.0,cell_collision_with_prior_knob,6,medium
http://www.forbes.com/companies/sandisk/,forbes,asset_value,10500000000.0,cell_collision_with_prior_knob,6,medium
http://www.forbes.com/companies/hanwha-corp/,forbes,asset_value,107400000000.0,cell_collision_with_prior_knob,6,medium
http://www.forbes.com/companies/ralph-lauren/,forbes,asset_value,6100000000.0,cell_collision_with_prior_knob,6,medium
http://www.forbes.com/companies/air-france-klm/,forbes,asset_value,35000000000.0,cell_collision_with_prior_knob,6,medium
http://www.forbes.com/companies/ambac-financial-group/,forbes,asset_value,27000000000.0,cell_collision_with_prior_knob,6,medium
http://www.forbes.com/companies/henan-shuanghui-investment/,forbes,asset_value,3300000000.0,cell_collision_with_prior_knob,6,medium
http://www.forbes.com/companies/united-utilities/,forbes,asset_value,16800000000.0,cell_collision_with_prior_knob,6,medium
http://www.forbes.com/companies/t-rowe-price/,forbes,asset_value,5200000000.0,cell_collision_with_prior_knob,6,medium
http://www.forbes.com/companies/rexel/,forbes,asset_value,14500000000.0,cell_collision_with_prior_knob,6,medium
http://www.forbes.com/companies/taishin-financial-holdings/,forbes,asset_value,95900000000.0,cell_collision_with_prior_knob,6,medium
http://www.forbes.com/companies/fiserv/,forbes,asset_value,9700000000.0,cell_collision_with_prior_knob,6,medium
http://www.forbes.com/companies/nidec/,forbes,asset_value,10800000000.0,cell_collision_with_prior_knob,6,medium
http://www.forbes.com/companies/julius-baer-group/,forbes,asset_value,81500000000.0,cell_collision_with_prior_knob,6,medium
http://www.forbes.com/companies/bpi/,forbes,asset_value,27000000000.0,cell_collision_with_prior_knob,6,medium
http://www.forbes.com/companies/power-finance/,forbes,asset_value,31200000000.0,cell_collision_with_prior_knob,6,medium
http://www.forbes.com/companies/banco-comercial-portugues/,forbes,asset_value,113000000000.0,cell_collision_with_prior_knob,6,medium
http://www.forbes.com/companies/oil-gas-development/,forbes,asset_value,4600000000.0,cell_collision_with_prior_knob,6,medium
http://www.forbes.com/companies/canadian-oil-sands/,forbes,asset_value,9600000000.0,cell_collision_with_prior_knob,6,medium
http://www.forbes.com/companies/maxis/,forbes,asset_value,5300000000.0,cell_collision_with_prior_knob,6,medium
http://www.forbes.com/companies/banco-davivienda/,forbes,asset_value,28200000000.0,cell_collision_with_prior_knob,6,medium
http://www.forbes.com/companies/us-steel/,forbes,asset_value,13100000000.0,cell_collision_with_prior_knob,6,medium
http://www.forbes.com/companies/bajaj-auto/,forbes,asset_value,2400000000.0,cell_collision_with_prior_knob,6,medium
http://www.forbes.com/companies/westlake-chemical/,forbes,asset_value,4100000000.0,cell_collision_with_prior_knob,6,medium
http://www.forbes.com/companies/alpiq-holding/,forbes,asset_value,16300000000.0,cell_collision_with_prior_knob,6,medium
http://www.forbes.com/companies/forest-laboratories/,forbes,asset_value,9100000000.0,cell_collision_with_prior_knob,6,medium
http://www.forbes.com/companies/banca-popolare-di-milano/,forbes,asset_value,68000000000.0,cell_collision_with_prior_knob,6,medium
http://www.forbes.com/companies/federal-grid-of-ues/,forbes,asset_value,38300000000.0,cell_collision_with_prior_knob,6,medium
http://www.forbes.com/companies/china-national-materials/,forbes,asset_value,15600000000.0,cell_collision_with_prior_knob,6,medium
http://www.forbes.com/companies/sumitomo-rubber/,forbes,asset_value,8300000000.0,cell_collision_with_prior_knob,6,medium
http://www.forbes.com/companies/sl-green-realty/,forbes,asset_value,15000000000.0,cell_collision_with_prior_knob,6,medium
http://www.forbes.com/companies/arm-holdings/,forbes,asset_value,2700000000.0,cell_collision_with_prior_knob,6,medium
http://www.forbes.com/companies/far-eastern-new-century/,forbes,asset_value,12300000000.0,cell_collision_with_prior_knob,6,medium
http://www.forbes.com/companies/guaranty-trust-bank/,forbes,asset_value,13100000000.0,cell_collision_with_prior_knob,6,medium
http://www.forbes.com/companies/banca-popolare-di-sondrio/,forbes,asset_value,45200000000.0,cell_collision_with_prior_knob,6,medium
http://www.forbes.com/companies/orient/,forbes,asset_value,45100000000.0,cell_collision_with_prior_knob,6,medium
http://www.forbes.com/companies/guangzhou-automobile/,forbes,asset_value,9500000000.0,cell_collision_with_prior_knob,6,medium
http://www.forbes.com/companies/supervalu/,forbes,asset_value,4700000000.0,cell_collision_with_prior_knob,6,medium
http://www.forbes.com/companies/interactive-brokers-group/,forbes,asset_value,37900000000.0,cell_collision_with_prior_knob,6,medium
http://www.forbes.com/companies/workday/,forbes,asset_value,2200000000.0,cell_collision_with_prior_knob,6,medium
http://www.forbes.com/companies/tpk-holding/,forbes,asset_value,4900000000.0,cell_collision_with_prior_knob,6,medium
http://www.forbes.com/companies/yuexiu-property/,forbes,asset_value,12900000000.0,cell_collision_with_prior_knob,6,medium
http://www.forbes.com/companies/bank-of-nagoya/,forbes,asset_value,32100000000.0,cell_collision_with_prior_knob,6,medium
http://www.forbes.com/companies/cst-brands/,forbes,asset_value,2300000000.0,cell_collision_with_prior_knob,6,medium
http://www.forbes.com/companies/oshkosh/,forbes,asset_value,4500000000.0,cell_collision_with_prior_knob,6,medium
k02_interp_companies_00149__forbes,forbes,asset_value,18000000000.0,cell_collision_with_prior_knob,6,medium
http://www.forbes.com/companies/pko-bank-polski/,forbes,business_segment,Banks,cell_collision_with_prior_knob,6,medium
http://www.forbes.com/companies/hess/,forbes,region,States of America,cell_collision_with_prior_knob,6,medium
http://www.forbes.com/companies/etisalat/,forbes,region,United Arab Emirates,closeness_floor_exhausted_retries,6,medium
http://www.forbes.com/companies/yum-brands/,forbes,region,United States of America,closeness_floor_exhausted_retries,6,medium
http://www.forbes.com/companies/starwood-property-trust/,forbes,region,United States of America,closeness_floor_exhausted_retries,6,medium
http://www.forbes.com/companies/first-niagara-financial/,forbes,region,United States of America,closeness_floor_exhausted_retries,6,medium
http://www.forbes.com/companies/arm-holdings/,forbes,region,United Kingdom of Great Britain and Northern Ireland,closeness_floor_exhausted_retries,6,medium
http://www.forbes.com/companies/pacific-rubiales-energy/,forbes,region,Canada,closeness_floor_exhausted_retries,6,medium
http://www.forbes.com/companies/icbc/,forbes,sales_figure,148.70,cell_collision_with_prior_knob,6,medium
http://www.forbes.com/companies/chevron/,forbes,sales_figure,211.80,cell_collision_with_prior_knob,6,medium
http://www.forbes.com/companies/sinopec-china-petroleum/,forbes,sales_figure,445.30,cell_collision_with_prior_knob,6,medium
http://www.forbes.com/companies/american-international-group/,forbes,sales_figure,68.10,cell_collision_with_prior_knob,6,medium
http://www.forbes.com/companies/lukoil/,forbes,sales_figure,119.20,cell_collision_with_prior_knob,6,medium
http://www.forbes.com/companies/boeing/,forbes,sales_figure,86.60,cell_collision_with_prior_knob,6,medium
http://www.forbes.com/companies/nissan-motor/,forbes,sales_figure,104,cell_collision_with_prior_knob,6,medium
http://www.forbes.com/companies/generali-group/,forbes,sales_figure,100.50,cell_collision_with_prior_knob,6,medium
http://www.forbes.com/companies/duke-energy/,forbes,sales_figure,24.60,cell_collision_with_prior_knob,6,medium
http://www.forbes.com/companies/mcdonalds/,forbes,sales_figure,28.10,cell_collision_with_prior_knob,6,medium
http://www.forbes.com/companies/ace/,forbes,sales_figure,18.90,cell_collision_with_prior_knob,6,medium
http://www.forbes.com/companies/denso/,forbes,sales_figure,41.30,cell_collision_with_prior_knob,6,medium
http://www.forbes.com/companies/china-state-construction/,forbes,sales_figure,88.10,cell_collision_with_prior_knob,6,medium
http://www.forbes.com/companies/danske-bank/,forbes,sales_figure,20.80,cell_collision_with_prior_knob,6,medium
http://www.forbes.com/companies/halliburton/,forbes,sales_figure,29.40,cell_collision_with_prior_knob,6,medium
http://www.forbes.com/companies/nextera-energy/,forbes,sales_figure,14.60,cell_collision_with_prior_knob,6,medium
http://www.forbes.com/companies/dai-ichi-life-insurance/,forbes,sales_figure,58.10,cell_collision_with_prior_knob,6,medium
http://www.forbes.com/companies/nike/,forbes,sales_figure,27,cell_collision_with_prior_knob,6,medium
http://www.forbes.com/companies/safran/,forbes,sales_figure,19.50,cell_collision_with_prior_knob,6,medium
http://www.forbes.com/companies/saudi-telecom/,forbes,sales_figure,12.20,cell_collision_with_prior_knob,6,medium
http://www.forbes.com/companies/suntrust-banks/,forbes,sales_figure,8.30,cell_collision_with_prior_knob,6,medium
http://www.forbes.com/companies/royal-bank-of-scotland/,forbes,sales_figure,38.30,cell_collision_with_prior_knob,6,medium
http://www.forbes.com/companies/paccar/,forbes,sales_figure,17.10,cell_collision_with_prior_knob,6,medium
http://www.forbes.com/companies/ageas/,forbes,sales_figure,15.80,cell_collision_with_prior_knob,6,medium
http://www.forbes.com/companies/firstrand/,forbes,sales_figure,6.30,cell_collision_with_prior_knob,6,medium
http://www.forbes.com/companies/cummins/,forbes,sales_figure,17.30,cell_collision_with_prior_knob,6,medium
http://www.forbes.com/companies/cheung-kong-holdings/,forbes,sales_figure,2.60,cell_collision_with_prior_knob,6,medium
http://www.forbes.com/companies/hdfc/,forbes,sales_figure,6.60,cell_collision_with_prior_knob,6,medium
http://www.forbes.com/companies/conagra-foods/,forbes,sales_figure,17.90,cell_collision_with_prior_knob,6,medium
http://www.forbes.com/companies/unum-group/,forbes,sales_figure,10.40,cell_collision_with_prior_knob,6,medium
http://www.forbes.com/companies/insurance-australia-group/,forbes,sales_figure,9,cell_collision_with_prior_knob,6,medium
http://www.forbes.com/companies/yara-international/,forbes,sales_figure,14.40,cell_collision_with_prior_knob,6,medium
http://www.forbes.com/companies/nucor/,forbes,sales_figure,19.10,cell_collision_with_prior_knob,6,medium
http://www.forbes.com/companies/new-world-development/,forbes,sales_figure,6.40,cell_collision_with_prior_knob,6,medium
http://www.forbes.com/companies/grupo-inbursa/,forbes,sales_figure,4.40,cell_collision_with_prior_knob,6,medium
http://www.forbes.com/companies/trw-automotive-holdings/,forbes,sales_figure,17.40,cell_collision_with_prior_knob,6,medium
http://www.forbes.com/companies/mylan/,forbes,sales_figure,7,cell_collision_with_prior_knob,6,medium
http://www.forbes.com/companies/l-brands/,forbes,sales_figure,10.80,cell_collision_with_prior_knob,6,medium
http://www.forbes.com/companies/marriott-international/,forbes,sales_figure,12.80,cell_collision_with_prior_knob,6,medium
http://www.forbes.com/companies/csl/,forbes,sales_figure,5,cell_collision_with_prior_knob,6,medium
http://www.forbes.com/companies/oneok/,forbes,sales_figure,14.60,cell_collision_with_prior_knob,6,medium
http://www.forbes.com/companies/finmeccanica/,forbes,sales_figure,20.70,cell_collision_with_prior_knob,6,medium
http://www.forbes.com/companies/uralkali/,forbes,sales_figure,3.30,cell_collision_with_prior_knob,6,medium
http://www.forbes.com/companies/cielo/,forbes,sales_figure,3.10,cell_collision_with_prior_knob,6,medium
http://www.forbes.com/companies/ashland/,forbes,sales_figure,7.80,cell_collision_with_prior_knob,6,medium
http://www.forbes.com/companies/ambac-financial-group/,forbes,sales_figure,1,cell_collision_with_prior_knob,6,medium
http://www.forbes.com/companies/petronas-chemicals/,forbes,sales_figure,4.80,cell_collision_with_prior_knob,6,medium
http://www.forbes.com/companies/pultegroup/,forbes,sales_figure,5.60,cell_collision_with_prior_knob,6,medium
http://www.forbes.com/companies/bank-of-ningbo/,forbes,sales_figure,3.90,cell_collision_with_prior_knob,6,medium
http://www.forbes.com/companies/mol-hungarian-oil/,forbes,sales_figure,24.20,cell_collision_with_prior_knob,6,medium
http://www.forbes.com/companies/taishin-financial-holdings/,forbes,sales_figure,2.50,cell_collision_with_prior_knob,6,medium
http://www.forbes.com/companies/easyjet/,forbes,sales_figure,6.60,cell_collision_with_prior_knob,6,medium
http://www.forbes.com/companies/noble/,forbes,sales_figure,4.20,cell_collision_with_prior_knob,6,medium
http://www.forbes.com/companies/el-puerto-de-liverpool/,forbes,sales_figure,5.80,cell_collision_with_prior_knob,6,medium
http://www.forbes.com/companies/fmc-technologies/,forbes,sales_figure,7.10,cell_collision_with_prior_knob,6,medium
http://www.forbes.com/companies/ameren/,forbes,sales_figure,5.80,cell_collision_with_prior_knob,6,medium
http://www.forbes.com/companies/fidelity-national-financial/,forbes,sales_figure,8.60,cell_collision_with_prior_knob,6,medium
http://www.forbes.com/companies/harbin-bank/,forbes,sales_figure,2.60,cell_collision_with_prior_knob,6,medium
http://www.forbes.com/companies/thai-beverage/,forbes,sales_figure,5.10,cell_collision_with_prior_knob,6,medium
http://www.forbes.com/companies/consol-energy/,forbes,sales_figure,4.40,cell_collision_with_prior_knob,6,medium
http://www.forbes.com/companies/westfield-retail-trust/,forbes,sales_figure,0.50,cell_collision_with_prior_knob,6,medium
http://www.forbes.com/companies/china-national-chemical/,forbes,sales_figure,9.70,cell_collision_with_prior_knob,6,medium
http://www.forbes.com/companies/ahli-united-bank/,forbes,sales_figure,1.30,cell_collision_with_prior_knob,6,medium
http://www.forbes.com/companies/steel-authority-of-india/,forbes,sales_figure,8.20,cell_collision_with_prior_knob,6,medium
http://www.forbes.com/companies/abengoa/,forbes,sales_figure,9.80,cell_collision_with_prior_knob,6,medium
http://www.forbes.com/companies/agl-energy/,forbes,sales_figure,9.20,cell_collision_with_prior_knob,6,medium
http://www.forbes.com/companies/agco/,forbes,sales_figure,10.80,cell_collision_with_prior_knob,6,medium
http://www.forbes.com/companies/fukuoka-financial-group/,forbes,sales_figure,2.40,cell_collision_with_prior_knob,6,medium
http://www.forbes.com/companies/level-3-communications/,forbes,sales_figure,6.30,cell_collision_with_prior_knob,6,medium
http://www.forbes.com/companies/china-merchants-holdings/,forbes,sales_figure,1.30,cell_collision_with_prior_knob,6,medium
http://www.forbes.com/companies/cbre-group/,forbes,sales_figure,7.20,cell_collision_with_prior_knob,6,medium
http://www.forbes.com/companies/westlake-chemical/,forbes,sales_figure,3.80,cell_collision_with_prior_knob,6,medium
http://www.forbes.com/companies/embraer/,forbes,sales_figure,6.30,cell_collision_with_prior_knob,6,medium
http://www.forbes.com/companies/gudang-garam/,forbes,sales_figure,5.30,cell_collision_with_prior_knob,6,medium
http://www.forbes.com/companies/china-merchants-securities/,forbes,sales_figure,1.40,cell_collision_with_prior_knob,6,medium
http://www.forbes.com/companies/huatai-securities/,forbes,sales_figure,1.10,cell_collision_with_prior_knob,6,medium
http://www.forbes.com/companies/crescent-point-energy/,forbes,sales_figure,2.80,cell_collision_with_prior_knob,6,medium
http://www.forbes.com/companies/dia/,forbes,sales_figure,13.10,cell_collision_with_prior_knob,6,medium
http://www.forbes.com/companies/subsea-7/,forbes,sales_figure,6.30,cell_collision_with_prior_knob,6,medium
http://www.forbes.com/companies/semen-indonesia/,forbes,sales_figure,2.30,cell_collision_with_prior_knob,6,medium
http://www.forbes.com/companies/aurizon-holdings/,forbes,sales_figure,3.70,cell_collision_with_prior_knob,6,medium
http://www.forbes.com/companies/sega-sammy-holdings/,forbes,sales_figure,4.30,cell_collision_with_prior_knob,6,medium
http://www.forbes.com/companies/emirates-integrated-telecom/,forbes,sales_figure,2.90,cell_collision_with_prior_knob,6,medium
http://www.forbes.com/companies/kansas-city-southern/,forbes,sales_figure,2.40,cell_collision_with_prior_knob,6,medium
http://www.forbes.com/companies/hysan-development/,forbes,sales_figure,0.40,cell_collision_with_prior_knob,6,medium
http://www.forbes.com/companies/corporation-bank/,forbes,sales_figure,3.10,cell_collision_with_prior_knob,6,medium
http://www.forbes.com/companies/japan-securities/,forbes,sales_figure,0.20,cell_collision_with_prior_knob,6,medium
http://www.forbes.com/companies/peoples-united-financial/,forbes,sales_figure,1.30,cell_collision_with_prior_knob,6,medium
http://www.forbes.com/companies/microchip-technology/,forbes,sales_figure,1.90,cell_collision_with_prior_knob,6,medium
http://www.forbes.com/companies/luzerner-kantonalbank/,forbes,sales_figure,0.70,cell_collision_with_prior_knob,6,medium
http://www.forbes.com/companies/packaging-corp-amer/,forbes,sales_figure,3.70,cell_collision_with_prior_knob,6,medium
http://www.forbes.com/companies/towers-watson/,forbes,sales_figure,3.50,cell_collision_with_prior_knob,6,medium
k02_interp_companies_00111__forbes,forbes,sales_figure,"318,400,000.0",cell_collision_with_prior_knob,6,medium
k02_interp_companies_00236__forbes,forbes,sales_figure,"28,600,000.0",cell_collision_with_prior_knob,6,medium
fullcontact_429,fullcontact,Attribute_3,Canada,closeness_floor_exhausted_retries,6,medium
fullcontact_767,fullcontact,Attribute_3,States United,cell_collision_with_prior_knob,6,medium
fullcontact_101,fullcontact,Attribute_5,Jim Gasper,closeness_floor_exhausted_retries,6,medium
k02_interp_companies_00268__fullcontact,fullcontact,Attribute_5,Arenas Lucía,cell_collision_with_prior_knob,6,medium
fullcontact_116,fullcontact,Attribute_6,01.01.1873,cell_collision_with_prior_knob,6,medium
fullcontact_131,fullcontact,Attribute_6,01.01.2010,cell_collision_with_prior_knob,6,medium
fullcontact_207,fullcontact,Attribute_6,01.01.1879,cell_collision_with_prior_knob,6,medium
fullcontact_218,fullcontact,Attribute_6,01.01.1995,cell_collision_with_prior_knob,6,medium
fullcontact_239,fullcontact,Attribute_6,01.01.2001,cell_collision_with_prior_knob,6,medium
fullcontact_338,fullcontact,Attribute_6,01.01.1960,cell_collision_with_prior_knob,6,medium
fullcontact_506,fullcontact,Attribute_6,01.01.1868,cell_collision_with_prior_knob,6,medium
fullcontact_527,fullcontact,Attribute_6,01.01.1990,cell_collision_with_prior_knob,6,medium
fullcontact_541,fullcontact,Attribute_6,01.01.1889,cell_collision_with_prior_knob,6,medium
fullcontact_542,fullcontact,Attribute_6,01.01.1947,cell_collision_with_prior_knob,6,medium
fullcontact_545,fullcontact,Attribute_6,01.01.2012,cell_collision_with_prior_knob,6,medium
fullcontact_547,fullcontact,Attribute_6,01.01.1889,cell_collision_with_prior_knob,6,medium
fullcontact_570,fullcontact,Attribute_6,01.01.1905,cell_collision_with_prior_knob,6,medium
fullcontact_644,fullcontact,Attribute_6,01.01.1918,cell_collision_with_prior_knob,6,medium
fullcontact_653,fullcontact,Attribute_6,01.01.1836,cell_collision_with_prior_knob,6,medium
fullcontact_660,fullcontact,Attribute_6,01.01.1940,cell_collision_with_prior_knob,6,medium
fullcontact_712,fullcontact,Attribute_6,01.01.1863,cell_collision_with_prior_knob,6,medium
fullcontact_721,fullcontact,Attribute_6,01.01.2007,cell_collision_with_prior_knob,6,medium
fullcontact_756,fullcontact,Attribute_6,01.01.1937,cell_collision_with_prior_knob,6,medium
fullcontact_765,fullcontact,Attribute_6,01.01.1862,cell_collision_with_prior_knob,6,medium
fullcontact_813,fullcontact,Attribute_6,01.01.1909,cell_collision_with_prior_knob,6,medium
fullcontact_832,fullcontact,Attribute_6,01.01.2000,cell_collision_with_prior_knob,6,medium
fullcontact_846,fullcontact,Attribute_6,01.01.1923,cell_collision_with_prior_knob,6,medium
fullcontact_898,fullcontact,Attribute_6,01.01.1995,cell_collision_with_prior_knob,6,medium
fullcontact_966,fullcontact,Attribute_6,01.01.1828,cell_collision_with_prior_knob,6,medium
fullcontact_1022,fullcontact,Attribute_6,01.01.2005,cell_collision_with_prior_knob,6,medium
fullcontact_1041,fullcontact,Attribute_6,01.01.2009,cell_collision_with_prior_knob,6,medium
fullcontact_1065,fullcontact,Attribute_6,01.01.2001,cell_collision_with_prior_knob,6,medium
fullcontact_1097,fullcontact,Attribute_6,01.01.1999,cell_collision_with_prior_knob,6,medium
fullcontact_1099,fullcontact,Attribute_6,01.01.2004,cell_collision_with_prior_knob,6,medium
fullcontact_1173,fullcontact,Attribute_6,01.01.1927,cell_collision_with_prior_knob,6,medium
fullcontact_1176,fullcontact,Attribute_6,01.01.1887,cell_collision_with_prior_knob,6,medium
fullcontact_1188,fullcontact,Attribute_6,01.01.2010,cell_collision_with_prior_knob,6,medium
fullcontact_1240,fullcontact,Attribute_6,01.01.1967,cell_collision_with_prior_knob,6,medium
fullcontact_1312,fullcontact,Attribute_6,01.01.1994,cell_collision_with_prior_knob,6,medium
fullcontact_1408,fullcontact,Attribute_6,01.01.1961,cell_collision_with_prior_knob,6,medium
fullcontact_1443,fullcontact,Attribute_6,01.01.1766,cell_collision_with_prior_knob,6,medium
fullcontact_1563,fullcontact,Attribute_6,01.01.2000,cell_collision_with_prior_knob,6,medium
fullcontact_1684,fullcontact,Attribute_6,01.01.1849,cell_collision_with_prior_knob,6,medium
fullcontact_1751,fullcontact,Attribute_6,01.01.1973,cell_collision_with_prior_knob,6,medium
fullcontact_1791,fullcontact,Attribute_6,01.01.2009,cell_collision_with_prior_knob,6,medium
fullcontact_1827,fullcontact,Attribute_6,01.01.2000,cell_collision_with_prior_knob,6,medium
fullcontact_1851,fullcontact,Attribute_6,01.01.2003,cell_collision_with_prior_knob,6,medium
fullcontact_1884,fullcontact,Attribute_6,01.01.2007,cell_collision_with_prior_knob,6,medium
fullcontact_1889,fullcontact,Attribute_6,01.01.2000,cell_collision_with_prior_knob,6,medium
fullcontact_1896,fullcontact,Attribute_6,01.01.2006,cell_collision_with_prior_knob,6,medium
fullcontact_1925,fullcontact,Attribute_6,01.01.1785,cell_collision_with_prior_knob,6,medium
k02_interp_companies_00014__fullcontact,fullcontact,Attribute_6,01.01.1994,cell_collision_with_prior_knob,6,medium
k02_interp_companies_00034__fullcontact,fullcontact,Attribute_6,01.01.2006,cell_collision_with_prior_knob,6,medium
k02_interp_companies_00038__fullcontact,fullcontact,Attribute_6,01.01.2008,cell_collision_with_prior_knob,6,medium
k02_interp_companies_00039__fullcontact,fullcontact,Attribute_6,01.01.1995,cell_collision_with_prior_knob,6,medium
k02_interp_companies_00057__fullcontact,fullcontact,Attribute_6,01.01.1996,cell_collision_with_prior_knob,6,medium
k02_interp_companies_00058__fullcontact,fullcontact,Attribute_6,01.01.1987,cell_collision_with_prior_knob,6,medium
k02_interp_companies_00069__fullcontact,fullcontact,Attribute_6,01.01.2006,cell_collision_with_prior_knob,6,medium
k02_interp_companies_00072__fullcontact,fullcontact,Attribute_6,01.01.2012,cell_collision_with_prior_knob,6,medium
k02_interp_companies_00089__fullcontact,fullcontact,Attribute_6,01.01.1984,cell_collision_with_prior_knob,6,medium
k02_interp_companies_00131__fullcontact,fullcontact,Attribute_6,01.01.1988,cell_collision_with_prior_knob,6,medium
