id1,id2,label,is_hard
28212814,12404184,0,False
64499444,40744627,1,False
7131523,96606457,0,True
32159667,68616904,1,False
27166335,41720223,0,False
23766798,60926906,1,False
10164790,20390207,0,False
24041154,92228530,0,True
31158408,44123496,1,False
43837358,74956462,0,False
4330,51061090,1,False
33743161,68229314,1,False
67266823,31726913,1,False
4425308,18687923,0,True
73035052,10627843,1,False
98009535,85884739,0,True
30526558,37026032,0,False
43481409,97997914,0,False
9931826,91452319,0,True
26366372,55820273,1,False
42551174,10391772,0,False
36863105,30606247,1,False
17093585,4648146,1,False
40849883,14365536,0,True
77791574,24856378,1,False
46066406,74921256,1,False
70715850,18207118,0,False
21153036,35054140,0,True
24673290,37879130,0,False
43481409,36518944,0,True
63475263,69004107,0,False
92869360,36983299,1,False
65406066,75658571,0,False
58505382,72591161,1,False
70715850,18031980,0,True
88855243,37351978,1,False
9004260,23535389,0,False
52172790,38836785,0,True
5541784,36246279,0,False
34118962,83073102,1,False
50232345,91452319,0,True
7808986,18207118,0,False
88407990,33355653,1,False
33662403,10391772,0,False
3323341,69004107,0,True
45550541,71212847,1,False
25537521,40744627,0,True
5603029,23211539,0,True
58685745,68665486,1,False
63669867,20203774,1,False
50064518,26738061,1,False
64499444,89923273,0,False
65522262,56232630,1,False
65406066,59032057,1,False
44551871,64356572,0,False
30526558,31407039,0,True
20317030,17899082,0,False
53763929,65598015,1,False
17885462,34253861,1,False
14210025,17671245,0,True
26366372,4392484,0,False
9830579,36983299,0,True
28212814,40032101,1,False
44486080,64334870,0,False
58505382,90625496,0,True
10164790,75658571,1,False
1367517,36875298,1,False
26377693,9631991,0,False
26441327,91897985,0,True
51788229,9631991,0,False
45252731,95051535,0,True
1088849,18576054,1,False
25980043,22684792,1,False
15497680,18920928,1,False
1213105,19590182,1,False
13661943,26452947,1,False
44559075,20847402,0,False
32159667,20462564,0,True
11218658,18687923,0,True
93115467,23646540,0,False
34392254,15658592,1,False
3957588,28601651,0,False
88850217,87163778,1,False
93115467,57030114,1,False
70715850,20462564,1,False
77651287,14787728,1,False
22415142,39434551,0,True
50240914,53182019,1,False
52518330,42589927,0,False
90249643,42589927,1,False
25909923,74956462,0,False
1252810,53357791,0,True
74655572,30355136,1,False
9545127,60257394,1,False
64204030,53357791,0,False
61937132,4486239,0,True
78427880,48184346,0,False
45252731,35054140,1,False
78427880,62958901,1,False
2967922,81739529,0,False
35479899,13750671,0,False
87560329,35648212,1,False
53763929,17952251,0,False
33662403,9631991,1,False
25909923,42008504,0,True
43481409,30923260,1,False
61107059,49739678,0,False
33428043,96130409,0,True
88407990,31447687,0,True
13661943,91452319,0,True
74017051,29935211,0,True
52172790,96130409,0,False
61107059,20462564,0,True
44551871,17899082,1,False
74664189,28601651,1,False
19807424,64356572,1,False
20919659,23535389,1,False
72380436,18207118,1,False
92213757,50853852,1,False
67844012,86735831,0,True
92213757,4486239,0,False
22415142,48184346,1,False
12120697,1707364,1,False
10958685,80826544,1,False
28204167,44593789,1,False
92869360,83850638,0,False
14210025,11833679,1,False
36829921,23646540,0,False
24673290,18997869,1,False
46891078,4497800,1,False
6817605,29935211,0,True
62202191,81293471,0,False
62197544,49082586,0,True
61402118,41720223,1,False
61937132,80826544,0,False
77093147,83073102,0,False
91998940,86735831,1,False
9830579,18207118,0,False
54859186,26738061,0,False
29807017,37026032,0,True
89199142,81739529,1,False
34118962,91452319,0,True
94807470,78086660,1,False
22415142,20203774,0,False
30526558,44593789,0,True
14296399,47613152,1,False
35022778,4392484,1,False
4425308,54630603,1,False
5541784,17952251,1,False
64499444,36875298,0,False
46925007,70151903,1,False
33428043,13750671,0,False
20919659,51061090,0,True
51886539,91452319,0,True
10966509,21668308,0,False
84816822,20847402,1,False
85773146,8389372,1,False
75436923,97997914,1,False
27166335,81293471,1,False
60294267,81285148,0,False
72112341,34253861,0,False
1051429,17671245,1,False
24446703,92228530,0,True
33743161,31447687,0,True
10126197,77221551,1,False
18406024,91452319,1,False
24446703,22323468,0,False
6477979,74146632,0,False
35008093,542014,1,False
67375798,78451157,1,False
77791574,22045929,0,True
30865647,4753127,1,False
25909923,88240059,1,False
32989060,80509522,1,False
18406024,36983299,0,True
75436923,92228530,0,False
24025819,41306498,0,False
11218658,14365536,0,False
18241261,96606457,0,True
84127875,69955627,0,True
51563635,83073102,0,False
32159667,4497800,0,False
6817605,13750671,1,False
7131523,51422423,1,False
21663730,18175862,1,False
57780651,85884739,0,True
32989060,90698135,0,True
24041154,23646540,1,False
29807017,59984385,1,False
34235154,41528116,1,False
9545127,68616904,0,False
5603029,77221551,0,False
62362546,76203468,1,False
7808986,46604005,1,False
5541784,36185664,0,False
24673290,94836578,0,False
72380436,42589927,0,False
91472204,78451157,0,False
14296399,36518944,0,True
36863105,46604005,0,False
84127875,4486239,1,False
79023169,46604005,0,False
26045464,71212847,0,False
33650372,91452319,0,True
98557440,53357791,0,False
74413605,21668308,0,True
50064518,68616904,0,False
65021259,83850638,1,False
74017051,49082586,1,False
34235154,55820273,0,True
61937132,69955627,0,True
62817036,45984876,1,False
51788229,77256547,1,False
62078047,12117192,1,False
89199142,1573389,0,True
33916475,81285148,1,False
74635538,22323468,1,False
88850217,53357791,0,False
9931826,4648146,0,False
1252810,22646558,1,False
77093147,22158552,1,False
52315318,33111765,1,False
33428043,96203949,1,False
62197544,74956462,1,False
66284906,94836578,1,False
9830579,60257394,0,False
19049152,41335396,1,False
94807470,77221551,0,False
17105045,96606457,0,True
13966843,69004107,1,False
1252810,71534371,0,False
6817605,78086660,0,False
40849883,1613425,1,False
10164790,57030114,0,True
6480791,55820273,0,True
89520680,37879130,1,False
26377693,34253861,0,False
40657837,71534371,0,False
25769761,2701720,1,False
45702055,22045929,1,False
33743161,40122686,0,False
94807470,22684792,0,False
11218658,23697602,1,False
32159667,91452319,0,True
790322,36185664,0,False
92869360,69955627,0,False
67266823,63864528,0,False
9210121,52751720,1,False
13044456,48127105,1,False
39143445,28682501,0,False
3957588,31447687,1,False
54859186,30304218,0,False
87560329,3552090,0,False
72112341,90625496,1,False
9545127,20847402,0,True
84816822,32435750,0,True
98557440,23581,0,False
91472204,60571140,1,False
26377693,21668308,0,True
81243770,35648212,0,False
5603029,44593789,0,True
29326164,36983299,0,True
34973375,41720223,0,False
67312605,57030114,0,True
28204167,23211539,0,True
89520680,90232019,0,False
71962852,34888275,1,False
30865647,19665462,0,False
42551174,42008504,1,False
30526558,23211539,1,False
18406024,56719289,0,True
26045464,1175526,1,False
25909923,17272957,0,False
98557440,12404184,1,False
15730411,60571140,0,True
52172790,37026032,1,False
43481409,53182019,0,False
72884596,49739678,1,False
21357223,35481120,1,False
46066406,21668308,0,True
43837358,3381121,1,False
26366372,96203949,0,True
81243770,64332873,1,False
6477979,44142409,1,False
88407990,51061090,0,False
93115467,18031980,0,False
40849883,542014,0,False
74413605,55587435,1,False
27965637,48184346,0,True
37366005,48452637,1,False
26285820,36246279,1,False
24446703,32435750,1,False
67844012,10474555,1,False
77651287,693299,0,True
44559075,49082586,0,True
44559075,55475405,1,False
79970974,18687923,0,True
51563635,32141517,1,False
61937132,71534371,1,False
39143445,63864528,1,False
45550541,85884739,0,True
35022778,86735831,0,True
81243770,92228530,0,True
80703508,17272957,1,False
6480791,96203949,0,True
25537521,20390207,1,False
44678762,89923273,1,False
92869360,91452319,0,True
26285820,96203949,0,False
77251182,69955627,1,False
26377693,63165595,1,False
18241261,29935211,1,False
1213105,22646558,0,True
3957588,48184346,0,True
79023169,23581,1,False
82710940,97971282,1,False
64204030,41306498,1,False
61107059,10391772,1,False
790322,70240251,1,False
10006478,31726913,0,True
51788229,91452319,0,True
87430670,19242534,1,False
21153036,97971282,0,False
49672008,78451157,0,False
20151064,5389761,1,False
52315318,54607791,0,False
33650372,23697602,0,False
21153036,18997869,0,False
90249643,49082586,0,False
61268150,36185664,1,False
9752639,96150112,1,False
1252810,39434551,0,True
5603029,29923231,1,False
33743161,40032101,0,False
28212814,33355653,0,False
56908938,1573389,1,False
51886539,88986804,0,True
62197544,33355653,0,False
77651287,1613425,0,True
19049152,91452319,0,True
49885696,42589927,0,True
33615110,86735831,0,True
64910586,46604005,0,False
73035052,17272957,0,False
74017051,21668308,0,False
46925007,91452319,0,True
63669867,85884739,0,False
44678762,48452637,0,False
86835292,39434551,0,True
29326164,57657334,1,False
24041154,48184346,0,False
24025819,51422423,0,False
17885462,30355136,0,True
24446703,19665462,0,False
63475263,14365536,1,False
36829921,85884739,1,False
12120697,67987526,0,False
6480791,96130409,1,False
33615110,7748158,1,False
61107059,17272957,0,False
65522262,54607791,0,False
20317030,198799,1,False
26441327,97971282,0,False
17105045,21269706,1,False
12612826,95555674,1,False
46925007,88986804,0,True
26441327,67987526,1,False
52518330,3463117,1,False
21120112,96606457,1,False
3323341,45883906,1,False
19001308,18687923,1,False
79686292,48452637,0,True
27965637,39434551,1,False
98009535,128973,1,False
35479899,87884973,1,False
52216082,51422423,0,False
14827250,95051535,0,True
50232345,20462564,0,True
79970974,19665462,1,False
10966509,8808988,1,False
52216082,59984385,0,False
52437198,31407039,1,False
62202191,92228530,1,False
67904610,90698135,1,False
33650372,18031980,1,False
52216082,21668308,1,False
79686292,64334870,1,False
16121684,91897985,1,False
26285820,69004107,0,False
47930825,693299,1,False
6850120,88915738,1,False
34392254,23535389,0,False
49885696,54607791,1,False
9291809,77658647,1,False
51886539,56719289,1,False
21153036,95051535,1,False
42551174,88240059,0,True
67375798,35054140,0,False
60294267,20203774,0,True
9004260,28682501,1,False
86835292,53357791,1,False
10006478,13012302,1,False
24025819,30304218,1,False
2967922,40122686,1,False
15730411,64154231,1,False
49672008,3552090,1,False
28204167,31407039,0,True
48951428,36518944,1,False
35022778,4648146,0,False
44618699,3381121,0,False
52437198,44593789,0,True
64499444,20390207,0,True
9931826,88986804,1,False
32989060,88915738,0,False
3323341,693299,0,False
64910586,36180452,1,False
29326164,18920928,0,False
19807424,128973,0,True
54859186,54051972,1,False
57780651,959421,1,False
14728561,23622594,1,False
1051429,11833679,0,True
45550541,57657334,0,False
14827250,38836785,1,False
48951428,7748158,0,False
9752639,1707364,0,False
50232345,74146632,1,False
23694723,61198101,1,False
88407990,90232019,0,False
40657837,60928089,1,False
34973375,90232019,1,False
60294267,3941977,1,False
44618699,17693785,1,False
9830579,91452319,0,True
67312605,67742342,1,False
86835292,12117192,0,False
79686292,28601651,0,False
44486080,87789185,1,False
6480791,14787728,0,False
4330,23535389,0,True
45702055,77256547,0,False
49241259,88986045,1,False
33650372,67987526,0,False
9830579,82210147,1,False
88855243,96606457,0,True
