entity_id,source,attribute,original_value,new_value,transform_fn,transform_params,knob,level
crossref-00088,crossref,first_page,039,39,reformat_number,"{""from_locale"": ""detected"", ""to_locale"": ""plain"", ""precision"": null}",5,easy
crossref-00356,crossref,first_page,075,75,reformat_number,"{""from_locale"": ""detected"", ""to_locale"": ""plain"", ""precision"": null}",5,easy
crossref-00362,crossref,first_page,046,46,reformat_number,"{""from_locale"": ""detected"", ""to_locale"": ""plain"", ""precision"": null}",5,easy
crossref-00899,crossref,first_page,037,37,reformat_number,"{""from_locale"": ""detected"", ""to_locale"": ""plain"", ""precision"": null}",5,easy
crossref-00936,crossref,first_page,054,54,reformat_number,"{""from_locale"": ""detected"", ""to_locale"": ""plain"", ""precision"": null}",5,easy
crossref-01018,crossref,first_page,089,89,reformat_number,"{""from_locale"": ""detected"", ""to_locale"": ""plain"", ""precision"": null}",5,easy
crossref-01103,crossref,first_page,015,15,reformat_number,"{""from_locale"": ""detected"", ""to_locale"": ""plain"", ""precision"": null}",5,easy
crossref-01437,crossref,first_page,062,62,reformat_number,"{""from_locale"": ""detected"", ""to_locale"": ""plain"", ""precision"": null}",5,easy
crossref-19253,crossref,first_page,096,96,reformat_number,"{""from_locale"": ""detected"", ""to_locale"": ""plain"", ""precision"": null}",5,easy
crossref-20045,crossref,first_page,087,87,reformat_number,"{""from_locale"": ""detected"", ""to_locale"": ""plain"", ""precision"": null}",5,easy
crossref-20159,crossref,first_page,061,61,reformat_number,"{""from_locale"": ""detected"", ""to_locale"": ""plain"", ""precision"": null}",5,easy
crossref-20201,crossref,first_page,040,40,reformat_number,"{""from_locale"": ""detected"", ""to_locale"": ""plain"", ""precision"": null}",5,easy
crossref-20202,crossref,first_page,029,29,reformat_number,"{""from_locale"": ""detected"", ""to_locale"": ""plain"", ""precision"": null}",5,easy
crossref-41238,crossref,first_page,001,1,reformat_number,"{""from_locale"": ""detected"", ""to_locale"": ""plain"", ""precision"": null}",5,easy
crossref-41966,crossref,first_page,041,41,reformat_number,"{""from_locale"": ""detected"", ""to_locale"": ""plain"", ""precision"": null}",5,easy
crossref-42419,crossref,first_page,023,23,reformat_number,"{""from_locale"": ""detected"", ""to_locale"": ""plain"", ""precision"": null}",5,easy
crossref-44006,crossref,first_page,015002,15002,reformat_number,"{""from_locale"": ""detected"", ""to_locale"": ""plain"", ""precision"": null}",5,easy
crossref-45262,crossref,first_page,09,9,reformat_number,"{""from_locale"": ""detected"", ""to_locale"": ""plain"", ""precision"": null}",5,easy
crossref-45315,crossref,first_page,013002,13002,reformat_number,"{""from_locale"": ""detected"", ""to_locale"": ""plain"", ""precision"": null}",5,easy
crossref-49705,crossref,first_page,025009,25009,reformat_number,"{""from_locale"": ""detected"", ""to_locale"": ""plain"", ""precision"": null}",5,easy
crossref-52569,crossref,first_page,035002,35002,reformat_number,"{""from_locale"": ""detected"", ""to_locale"": ""plain"", ""precision"": null}",5,easy
crossref-54295,crossref,first_page,035009,35009,reformat_number,"{""from_locale"": ""detected"", ""to_locale"": ""plain"", ""precision"": null}",5,easy
crossref-54667,crossref,first_page,035015,35015,reformat_number,"{""from_locale"": ""detected"", ""to_locale"": ""plain"", ""precision"": null}",5,easy
crossref-55854,crossref,first_page,045003,45003,reformat_number,"{""from_locale"": ""detected"", ""to_locale"": ""plain"", ""precision"": null}",5,easy
crossref-55970,crossref,first_page,043001,43001,reformat_number,"{""from_locale"": ""detected"", ""to_locale"": ""plain"", ""precision"": null}",5,easy
crossref-57181,crossref,first_page,045008,45008,reformat_number,"{""from_locale"": ""detected"", ""to_locale"": ""plain"", ""precision"": null}",5,easy
crossref-57187,crossref,first_page,045009,45009,reformat_number,"{""from_locale"": ""detected"", ""to_locale"": ""plain"", ""precision"": null}",5,easy
crossref-57949,crossref,first_page,045018,45018,reformat_number,"{""from_locale"": ""detected"", ""to_locale"": ""plain"", ""precision"": null}",5,easy
crossref-58073,crossref,first_page,045026,45026,reformat_number,"{""from_locale"": ""detected"", ""to_locale"": ""plain"", ""precision"": null}",5,easy
crossref-59365,crossref,first_page,045023,45023,reformat_number,"{""from_locale"": ""detected"", ""to_locale"": ""plain"", ""precision"": null}",5,easy
crossref-00088,crossref,last_page,061,61,reformat_number,"{""from_locale"": ""detected"", ""to_locale"": ""plain"", ""precision"": null}",5,easy
crossref-00362,crossref,last_page,053,53,reformat_number,"{""from_locale"": ""detected"", ""to_locale"": ""plain"", ""precision"": null}",5,easy
crossref-00899,crossref,last_page,045,45,reformat_number,"{""from_locale"": ""detected"", ""to_locale"": ""plain"", ""precision"": null}",5,easy
crossref-00936,crossref,last_page,061,61,reformat_number,"{""from_locale"": ""detected"", ""to_locale"": ""plain"", ""precision"": null}",5,easy
crossref-01018,crossref,last_page,098,98,reformat_number,"{""from_locale"": ""detected"", ""to_locale"": ""plain"", ""precision"": null}",5,easy
crossref-01103,crossref,last_page,033,33,reformat_number,"{""from_locale"": ""detected"", ""to_locale"": ""plain"", ""precision"": null}",5,easy
crossref-01437,crossref,last_page,071,71,reformat_number,"{""from_locale"": ""detected"", ""to_locale"": ""plain"", ""precision"": null}",5,easy
crossref-20159,crossref,last_page,085,85,reformat_number,"{""from_locale"": ""detected"", ""to_locale"": ""plain"", ""precision"": null}",5,easy
crossref-20201,crossref,last_page,050,50,reformat_number,"{""from_locale"": ""detected"", ""to_locale"": ""plain"", ""precision"": null}",5,easy
crossref-20202,crossref,last_page,047,47,reformat_number,"{""from_locale"": ""detected"", ""to_locale"": ""plain"", ""precision"": null}",5,easy
crossref-41238,crossref,last_page,012,12,reformat_number,"{""from_locale"": ""detected"", ""to_locale"": ""plain"", ""precision"": null}",5,easy
crossref-41966,crossref,last_page,063,63,reformat_number,"{""from_locale"": ""detected"", ""to_locale"": ""plain"", ""precision"": null}",5,easy
crossref-42419,crossref,last_page,033,33,reformat_number,"{""from_locale"": ""detected"", ""to_locale"": ""plain"", ""precision"": null}",5,easy
crossref-44006,crossref,last_page,015002,15002,reformat_number,"{""from_locale"": ""detected"", ""to_locale"": ""plain"", ""precision"": null}",5,easy
crossref-45315,crossref,last_page,013002,13002,reformat_number,"{""from_locale"": ""detected"", ""to_locale"": ""plain"", ""precision"": null}",5,easy
crossref-49705,crossref,last_page,025009,25009,reformat_number,"{""from_locale"": ""detected"", ""to_locale"": ""plain"", ""precision"": null}",5,easy
crossref-52569,crossref,last_page,035002,35002,reformat_number,"{""from_locale"": ""detected"", ""to_locale"": ""plain"", ""precision"": null}",5,easy
crossref-54295,crossref,last_page,035009,35009,reformat_number,"{""from_locale"": ""detected"", ""to_locale"": ""plain"", ""precision"": null}",5,easy
crossref-54667,crossref,last_page,035015,35015,reformat_number,"{""from_locale"": ""detected"", ""to_locale"": ""plain"", ""precision"": null}",5,easy
crossref-55854,crossref,last_page,045003,45003,reformat_number,"{""from_locale"": ""detected"", ""to_locale"": ""plain"", ""precision"": null}",5,easy
crossref-55970,crossref,last_page,043001,43001,reformat_number,"{""from_locale"": ""detected"", ""to_locale"": ""plain"", ""precision"": null}",5,easy
crossref-57181,crossref,last_page,045008,45008,reformat_number,"{""from_locale"": ""detected"", ""to_locale"": ""plain"", ""precision"": null}",5,easy
crossref-57187,crossref,last_page,045009,45009,reformat_number,"{""from_locale"": ""detected"", ""to_locale"": ""plain"", ""precision"": null}",5,easy
crossref-57949,crossref,last_page,045018,45018,reformat_number,"{""from_locale"": ""detected"", ""to_locale"": ""plain"", ""precision"": null}",5,easy
crossref-58073,crossref,last_page,045026,45026,reformat_number,"{""from_locale"": ""detected"", ""to_locale"": ""plain"", ""precision"": null}",5,easy
crossref-59365,crossref,last_page,045023,45023,reformat_number,"{""from_locale"": ""detected"", ""to_locale"": ""plain"", ""precision"": null}",5,easy
crossref-38011,crossref,referenced_works_count,1243.0,"1,243.0",reformat_number,"{""from_locale"": ""detected"", ""to_locale"": ""en_US"", ""precision"": null}",5,easy
crossref-38388,crossref,referenced_works_count,1675.0,"1,675.0",reformat_number,"{""from_locale"": ""detected"", ""to_locale"": ""en_US"", ""precision"": null}",5,easy
crossref-53409,crossref,referenced_works_count,1094.0,"1,094.0",reformat_number,"{""from_locale"": ""detected"", ""to_locale"": ""en_US"", ""precision"": null}",5,easy
open_alex-01850,open_alex,first_page,046,46,reformat_number,"{""from_locale"": ""detected"", ""to_locale"": ""plain"", ""precision"": null}",5,easy
open_alex-03273,open_alex,first_page,054,54,reformat_number,"{""from_locale"": ""detected"", ""to_locale"": ""plain"", ""precision"": null}",5,easy
open_alex-06742,open_alex,first_page,015,15,reformat_number,"{""from_locale"": ""detected"", ""to_locale"": ""plain"", ""precision"": null}",5,easy
open_alex-07081,open_alex,first_page,037,37,reformat_number,"{""from_locale"": ""detected"", ""to_locale"": ""plain"", ""precision"": null}",5,easy
open_alex-10592,open_alex,first_page,039,39,reformat_number,"{""from_locale"": ""detected"", ""to_locale"": ""plain"", ""precision"": null}",5,easy
open_alex-16427,open_alex,first_page,062,62,reformat_number,"{""from_locale"": ""detected"", ""to_locale"": ""plain"", ""precision"": null}",5,easy
open_alex-18536,open_alex,first_page,075,75,reformat_number,"{""from_locale"": ""detected"", ""to_locale"": ""plain"", ""precision"": null}",5,easy
open_alex-26894,open_alex,first_page,096,96,reformat_number,"{""from_locale"": ""detected"", ""to_locale"": ""plain"", ""precision"": null}",5,easy
open_alex-33266,open_alex,first_page,040,40,reformat_number,"{""from_locale"": ""detected"", ""to_locale"": ""plain"", ""precision"": null}",5,easy
open_alex-36283,open_alex,first_page,029,29,reformat_number,"{""from_locale"": ""detected"", ""to_locale"": ""plain"", ""precision"": null}",5,easy
open_alex-42769,open_alex,first_page,087,87,reformat_number,"{""from_locale"": ""detected"", ""to_locale"": ""plain"", ""precision"": null}",5,easy
open_alex-42927,open_alex,first_page,09,9,reformat_number,"{""from_locale"": ""detected"", ""to_locale"": ""plain"", ""precision"": null}",5,easy
open_alex-44204,open_alex,first_page,001,1,reformat_number,"{""from_locale"": ""detected"", ""to_locale"": ""plain"", ""precision"": null}",5,easy
open_alex-44335,open_alex,first_page,045018,45018,reformat_number,"{""from_locale"": ""detected"", ""to_locale"": ""plain"", ""precision"": null}",5,easy
open_alex-45350,open_alex,first_page,013002,13002,reformat_number,"{""from_locale"": ""detected"", ""to_locale"": ""plain"", ""precision"": null}",5,easy
open_alex-45647,open_alex,first_page,043001,43001,reformat_number,"{""from_locale"": ""detected"", ""to_locale"": ""plain"", ""precision"": null}",5,easy
open_alex-46400,open_alex,first_page,025009,25009,reformat_number,"{""from_locale"": ""detected"", ""to_locale"": ""plain"", ""precision"": null}",5,easy
open_alex-47415,open_alex,first_page,045026,45026,reformat_number,"{""from_locale"": ""detected"", ""to_locale"": ""plain"", ""precision"": null}",5,easy
open_alex-49029,open_alex,first_page,09,9,reformat_number,"{""from_locale"": ""detected"", ""to_locale"": ""plain"", ""precision"": null}",5,easy
open_alex-49171,open_alex,first_page,041,41,reformat_number,"{""from_locale"": ""detected"", ""to_locale"": ""plain"", ""precision"": null}",5,easy
open_alex-49509,open_alex,first_page,045008,45008,reformat_number,"{""from_locale"": ""detected"", ""to_locale"": ""plain"", ""precision"": null}",5,easy
open_alex-50195,open_alex,first_page,045023,45023,reformat_number,"{""from_locale"": ""detected"", ""to_locale"": ""plain"", ""precision"": null}",5,easy
open_alex-50448,open_alex,first_page,035009,35009,reformat_number,"{""from_locale"": ""detected"", ""to_locale"": ""plain"", ""precision"": null}",5,easy
open_alex-52413,open_alex,first_page,045009,45009,reformat_number,"{""from_locale"": ""detected"", ""to_locale"": ""plain"", ""precision"": null}",5,easy
open_alex-52877,open_alex,first_page,015002,15002,reformat_number,"{""from_locale"": ""detected"", ""to_locale"": ""plain"", ""precision"": null}",5,easy
open_alex-55134,open_alex,first_page,023,23,reformat_number,"{""from_locale"": ""detected"", ""to_locale"": ""plain"", ""precision"": null}",5,easy
open_alex-56752,open_alex,first_page,035015,35015,reformat_number,"{""from_locale"": ""detected"", ""to_locale"": ""plain"", ""precision"": null}",5,easy
open_alex-57433,open_alex,first_page,045003,45003,reformat_number,"{""from_locale"": ""detected"", ""to_locale"": ""plain"", ""precision"": null}",5,easy
open_alex-01850,open_alex,last_page,053,53,reformat_number,"{""from_locale"": ""detected"", ""to_locale"": ""plain"", ""precision"": null}",5,easy
open_alex-03273,open_alex,last_page,061,61,reformat_number,"{""from_locale"": ""detected"", ""to_locale"": ""plain"", ""precision"": null}",5,easy
open_alex-06742,open_alex,last_page,033,33,reformat_number,"{""from_locale"": ""detected"", ""to_locale"": ""plain"", ""precision"": null}",5,easy
open_alex-07081,open_alex,last_page,045,45,reformat_number,"{""from_locale"": ""detected"", ""to_locale"": ""plain"", ""precision"": null}",5,easy
open_alex-10592,open_alex,last_page,061,61,reformat_number,"{""from_locale"": ""detected"", ""to_locale"": ""plain"", ""precision"": null}",5,easy
open_alex-16427,open_alex,last_page,071,71,reformat_number,"{""from_locale"": ""detected"", ""to_locale"": ""plain"", ""precision"": null}",5,easy
open_alex-33266,open_alex,last_page,050,50,reformat_number,"{""from_locale"": ""detected"", ""to_locale"": ""plain"", ""precision"": null}",5,easy
open_alex-36283,open_alex,last_page,047,47,reformat_number,"{""from_locale"": ""detected"", ""to_locale"": ""plain"", ""precision"": null}",5,easy
open_alex-44204,open_alex,last_page,012,12,reformat_number,"{""from_locale"": ""detected"", ""to_locale"": ""plain"", ""precision"": null}",5,easy
open_alex-44335,open_alex,last_page,045018,45018,reformat_number,"{""from_locale"": ""detected"", ""to_locale"": ""plain"", ""precision"": null}",5,easy
open_alex-45350,open_alex,last_page,013002,13002,reformat_number,"{""from_locale"": ""detected"", ""to_locale"": ""plain"", ""precision"": null}",5,easy
open_alex-45647,open_alex,last_page,043001,43001,reformat_number,"{""from_locale"": ""detected"", ""to_locale"": ""plain"", ""precision"": null}",5,easy
open_alex-46400,open_alex,last_page,025009,25009,reformat_number,"{""from_locale"": ""detected"", ""to_locale"": ""plain"", ""precision"": null}",5,easy
open_alex-47415,open_alex,last_page,045026,45026,reformat_number,"{""from_locale"": ""detected"", ""to_locale"": ""plain"", ""precision"": null}",5,easy
open_alex-49171,open_alex,last_page,063,63,reformat_number,"{""from_locale"": ""detected"", ""to_locale"": ""plain"", ""precision"": null}",5,easy
open_alex-49509,open_alex,last_page,045008,45008,reformat_number,"{""from_locale"": ""detected"", ""to_locale"": ""plain"", ""precision"": null}",5,easy
open_alex-50195,open_alex,last_page,045023,45023,reformat_number,"{""from_locale"": ""detected"", ""to_locale"": ""plain"", ""precision"": null}",5,easy
open_alex-50448,open_alex,last_page,035009,35009,reformat_number,"{""from_locale"": ""detected"", ""to_locale"": ""plain"", ""precision"": null}",5,easy
open_alex-52413,open_alex,last_page,045009,45009,reformat_number,"{""from_locale"": ""detected"", ""to_locale"": ""plain"", ""precision"": null}",5,easy
open_alex-52877,open_alex,last_page,015002,15002,reformat_number,"{""from_locale"": ""detected"", ""to_locale"": ""plain"", ""precision"": null}",5,easy
open_alex-55134,open_alex,last_page,033,33,reformat_number,"{""from_locale"": ""detected"", ""to_locale"": ""plain"", ""precision"": null}",5,easy
open_alex-56752,open_alex,last_page,035015,35015,reformat_number,"{""from_locale"": ""detected"", ""to_locale"": ""plain"", ""precision"": null}",5,easy
open_alex-57433,open_alex,last_page,045003,45003,reformat_number,"{""from_locale"": ""detected"", ""to_locale"": ""plain"", ""precision"": null}",5,easy
open_alex-24883,open_alex,referenced_works_count,1380.0,"1,380.0",reformat_number,"{""from_locale"": ""detected"", ""to_locale"": ""en_US"", ""precision"": null}",5,easy
open_alex-53088,open_alex,referenced_works_count,1080.0,"1,080.0",reformat_number,"{""from_locale"": ""detected"", ""to_locale"": ""en_US"", ""precision"": null}",5,easy
